1,1914,-1
0,2029,-1
1,2260,-1
0,2490,-1
1,2606,-1
0,2721,-1
1,2837,-1
1,2952,-1
0,3067,-1
1,3183,-1
0,3414,-1
1,3529,-1
1,3760,-1
0,3875,-1
1,4106,-1
0,4337,-1
0,4452,-1
1,4567,-1
0,4683,-1
1,4798,-1
1,4914,-1
0,5029,-1
1,5260,-1
1,5375,-1
1,5606,-1
0,5721,-1
1,5952,-1
0,6183,-1
1,6298,-1
0,6414,-1
1,6529,-1
1,6644,-1
0,6760,-1
1,6875,-1
0,7106,-1
1,7221,-1
0,7452,-1
1,7452,-1
0,7567,-1
1,7683,-1
1,7798,-1
0,7914,-1
1,7914,-1
1,8029,-1
1,8144,-1
0,8260,-1
0,8375,-1
1,8375,-1
0,8490,-1
1,8606,-1
1,8721,-1
0,8952,-1
1,9067,-1
0,9183,-1
1,9298,-1
1,9414,-1
0,9644,-1
1,9875,-1
0,9990,-1
1,10106,-1
1,10221,-1
0,10337,-1
1,10452,-1
1,10567,-1
0,10798,-1
1,10914,-1
1,11144,-1
0,11260,-1
0,11490,-1
0,11721,-1
0,11837,-1
1,11952,-1
0,12067,-1
1,12183,-1
1,12298,-1
0,12414,-1
1,12644,-1
0,12760,-1
0,12990,-1
0,13106,-1
0,13221,-1
1,13337,-1
0,13567,-1
0,13683,-1
1,13798,-1
1,13914,-1
1,14029,-1
0,14260,-1
1,14490,-1
0,14606,-1
1,14721,-1
1,14837,-1
0,14952,-1
1,15067,-1
1,15183,-1
0,15414,-1
1,15529,-1
1,15644,-1
0,15760,-1
0,15875,-1
1,15990,-1
1,16106,-1
1,16337,-1
0,16452,-1
0,16683,-1
1,16798,-1
1,16914,-1
0,17029,-1
1,17260,-1
0,17375,-1
1,17490,-1
0,17721,-1
1,17837,-1
1,17952,-1
1,18067,-1
0,18183,-1
1,18298,-1
0,18414,-1
1,18529,-1
1,18644,-1
0,18760,-1
1,18875,-1
1,19106,-1
0,19221,-1
1,19337,-1
1,19567,-1
1,19683,-1
0,19798,-1
1,19914,-1
0,20029,-1
1,20144,-1
1,20260,-1
0,20375,-1
1,20375,-1
1,20606,-1
0,20721,-1
1,20837,-1
1,20952,-1
0,21067,-1
1,21183,-1
0,21298,-1
1,21414,-1
0,21529,-1
0,21644,-1
1,21760,-1
1,21875,-1
0,21990,-1
1,22106,-1
0,22221,-1
0,22337,-1
1,22452,-1
0,22567,-1
1,22683,-1
1,22798,-1
0,22914,-1
1,23029,-1
0,23144,-1
1,23260,-1
0,23375,-1
0,23490,-1
1,23606,-1
1,23721,-1
0,23837,-1
1,23952,-1
0,24067,-1
0,24183,-1
1,24298,-1
0,24414,-1
1,24529,-1
1,24644,-1
0,24760,-1
1,24875,-1
0,24990,-1
0,25106,-1
1,25221,-1
0,25337,-1
1,25452,-1
1,25567,-1
0,25683,-1
0,25798,-1
1,25914,-1
1,26029,-1
0,26144,-1
1,26260,-1
0,26375,-1
0,26491,-1
1,26606,-1
0,26721,-1
1,26837,-1
1,26952,-1
0,27068,-1
1,27183,-1
0,27298,-1
1,27414,-1
0,27529,-1
0,27644,-1
1,27760,-1
1,34683,-1
1,34798,-1
1,34914,-1
1,35029,-1
0,35144,-1
1,35144,-1
0,35375,-1
0,35490,-1
1,35606,-1
0,35721,-1
1,35837,-1
1,35952,-1
0,36183,-1
0,36298,-1
0,36414,-1
1,36529,-1
0,36644,-1
0,36760,-1
0,36990,-1
1,36990,-1
0,37221,-1
0,37337,-1
1,37452,-1
0,37567,-1
0,37683,-1
1,37798,-1
0,38029,-1
1,38144,-1
0,38260,-1
1,38375,-1
0,38490,-1
0,38606,-1
0,38837,-1
1,38837,-1
0,39067,-1
0,39183,-1
1,39298,-1
0,39414,-1
0,39529,-1
1,39644,-1
1,39875,-1
1,39990,-1
1,40106,-1
0,40221,-1
1,40337,-1
1,40452,-1
0,40683,-1
1,40683,-1
0,40914,-1
0,41029,-1
1,41144,-1
0,41260,-1
0,41375,-1
1,41490,-1
0,41606,-1
0,41721,-1
0,41779,-1
1,41837,-1
0,41952,-1
1,42067,-1
0,42125,-1
0,42183,-1
0,42240,-1
1,42298,-1
0,42414,-1
0,42529,-1
1,42529,-1
0,42644,-1
1,42644,-1
0,42875,-1
1,42875,-1
0,42990,-1
1,42990,-1
0,43221,-1
1,43221,-1
0,43337,-1
1,43337,-1
0,43567,-1
1,43567,-1
0,43683,-1
1,43683,-1
0,43914,-1
1,43914,-1
0,44029,-1
1,44029,-1
0,44144,-1
1,44144,-1
0,44375,-1
1,44375,-1
0,44490,-1
1,44490,-1
0,44721,-1
1,44721,-1
0,44837,-1
1,44837,-1
0,45067,-1
1,45067,-1
0,45183,-1
1,45183,-1
0,45414,-1
1,45414,-1
0,45529,-1
1,45529,-1
0,45760,-1
1,45760,-1
1,45875,-1
1,45990,-1
0,46106,-1
0,46221,-1
1,46221,-1
0,46337,-1
1,46452,-1
0,46567,-1
0,46683,-1
1,46683,-1
0,46798,-1
1,46914,-1
0,47029,-1
1,47144,-1
1,47202,-1
1,47260,-1
0,47317,-1
1,47375,-1
1,47433,-1
0,47490,-1
0,47548,-1
1,47606,-1
1,47644,-1
1,47683,-1
0,47721,-1
0,47779,-1
1,47837,-1
0,47875,-1
0,47914,-1
1,47952,-1
1,48010,-1
0,48067,-1
2,48183,48760
1,48990,-1
1,49048,-1
1,49106,-1
1,49221,-1
1,49279,-1
0,49337,-1
1,49452,-1
0,49510,-1
0,49567,-1
0,49625,-1
1,49683,-1
0,49914,-1
1,49914,-1
1,50029,-1
1,50144,-1
0,50260,-1
0,50317,-1
0,50375,-1
1,50490,-1
1,50548,-1
0,50606,-1
1,50721,-1
0,50837,-1
1,50952,-1
1,51010,-1
0,51067,-1
1,51183,-1
0,51298,-1
0,51356,-1
1,51414,-1
0,51471,-1
1,51529,-1
1,51644,-1
0,51760,-1
0,51875,-1
0,51933,-1
1,51990,-1
1,52106,-1
0,52221,-1
0,52279,-1
1,52337,-1
0,52452,-1
0,52510,-1
1,52567,-1
0,52683,-1
0,52740,-1
1,52798,-1
1,52856,-1
1,52914,-1
1,53029,-1
0,53144,-1
0,53202,-1
1,53260,-1
1,53298,-1
1,53337,-1
0,53375,-1
0,53433,-1
1,53490,-1
1,53548,-1
0,53606,-1
1,53721,-1
0,53779,-1
1,53837,-1
0,53952,-1
0,54067,-1
0,54125,-1
1,54183,-1
1,54298,-1
0,54356,-1
1,54414,-1
0,54529,-1
0,54644,-1
0,54702,-1
1,54760,-1
0,54875,-1
1,54990,-1
0,55048,-1
1,55106,-1
1,55164,-1
0,55221,-1
1,55279,-1
0,55337,-1
1,55452,-1
0,55510,-1
0,55567,-1
0,55625,-1
1,55683,-1
0,55798,-1
1,55856,-1
0,55914,-1
0,55971,-1
1,56029,-1
0,56087,-1
1,56144,-1
0,56260,-1
1,56375,-1
0,56606,-1
0,56721,-1
1,56837,-1
0,56952,-1
0,57067,-1
1,57067,-1
0,57298,-1
1,57298,-1
0,57414,-1
0,57471,-1
1,57529,-1
1,57644,-1
0,57760,-1
0,57817,-1
1,57875,-1
0,57990,-1
1,58048,-1
0,58106,-1
1,58221,-1
0,58337,-1
1,58394,-1
0,58452,-1
0,58510,-1
1,58567,-1
1,58683,-1
1,58721,-1
1,58760,-1
0,58798,-1
0,58856,-1
1,58914,-1
0,59144,-1
1,59144,-1
1,59260,-1
1,59317,-1
0,59375,-1
0,59490,-1
1,59606,-1
1,59664,-1
0,59721,-1
1,59837,-1
0,59894,-1
1,59952,-1
0,60067,-1
1,60183,-1
0,60240,-1
1,60298,-1
1,60356,-1
0,60414,-1
0,60529,-1
0,60587,-1
1,60644,-1
0,60702,-1
1,60760,-1
0,60817,-1
1,60875,-1
0,60990,-1
0,61048,-1
1,61106,-1
1,61221,-1
1,61337,-1
1,61394,-1
0,61452,-1
0,61510,-1
1,61567,-1
1,61683,-1
1,61712,-1
1,61798,-1
1,61827,-1
0,61914,-1
0,61971,-1
1,62029,-1
0,62087,-1
1,62144,-1
1,62260,-1
0,62375,-1
0,62490,-1
1,62606,-1
1,62644,-1
1,62683,-1
0,62721,-1
0,62837,-1
1,62837,-1
0,62952,-1
0,63010,-1
1,63067,-1
0,63298,-1
0,63356,-1
0,63414,-1
0,63471,-1
1,63529,-1
0,63644,-1
1,63760,-1
0,63875,-1
1,63933,-1
0,63990,-1
1,64106,-1
0,64221,-1
0,64279,-1
1,64337,-1
1,64452,-1
0,64510,-1
1,64567,-1
1,64625,-1
0,64683,-1
0,64798,-1
1,64914,-1
1,64971,-1
0,65029,-1
1,65144,-1
1,65173,-1
1,65260,-1
1,65289,-1
0,65375,-1
0,65490,-1
1,65606,-1
1,65644,-1
1,65683,-1
0,65721,-1
1,65837,-1
0,65952,-1
1,66067,-1
1,66106,-1
1,66144,-1
0,66183,-1
1,66298,-1
1,66327,-1
1,66414,-1
1,66442,-1
0,66529,-1
0,66644,-1
1,66760,-1
1,66817,-1
0,66875,-1
1,66990,-1
1,67019,-1
1,67106,-1
1,67135,-1
1,67221,-1
1,67260,-1
1,67298,-1
0,67337,-1
1,67452,-1
1,67490,-1
1,67529,-1
0,67567,-1
0,67683,-1
1,67798,-1
0,67914,-1
0,67971,-1
0,68029,-1
0,68144,-1
1,68144,-1
0,68375,-1
0,68490,-1
0,68721,-1
1,68837,-1
0,69067,-1
0,69183,-1
0,69414,-1
1,69529,-1
0,69644,-1
1,69760,-1
1,69875,-1
0,69990,-1
0,70221,-1
0,70337,-1
0,70567,-1
1,70683,-1
0,70914,-1
0,71029,-1
0,71260,-1
1,71375,-1
1,71606,-1
1,71683,-1
1,71760,-1
0,71837,-1
0,71914,-1
0,71990,-1
0,72067,-1
1,72067,-1
0,72183,-1
0,72240,-1
1,72298,-1
0,72414,-1
1,72529,-1
1,72558,-1
1,72644,-1
1,72673,-1
0,72760,-1
0,72875,-1
1,72990,-1
1,73029,-1
1,73067,-1
0,73106,-1
1,73221,-1
0,73337,-1
1,73452,-1
1,73490,-1
1,73529,-1
0,73567,-1
1,73683,-1
1,73712,-1
1,73798,-1
1,73827,-1
0,73914,-1
0,74029,-1
1,74144,-1
1,74202,-1
0,74260,-1
1,74375,-1
1,74404,-1
1,74490,-1
1,74519,-1
1,74606,-1
1,74644,-1
1,74683,-1
0,74721,-1
1,74837,-1
1,74875,-1
1,74914,-1
0,74952,-1
1,75067,-1
0,75183,-1
1,75298,-1
1,75356,-1
0,75414,-1
0,75471,-1
1,75529,-1
1,75567,-1
1,75606,-1
0,75644,-1
0,75760,-1
1,75760,-1
0,75875,-1
0,75990,-1
0,76106,-1
1,76106,-1
0,76221,-1
1,76337,-1
0,76452,-1
1,76452,-1
1,76567,-1
0,76683,-1
0,76798,-1
1,76798,-1
0,76914,-1
0,77029,-1
0,77144,-1
1,77144,-1
0,77260,-1
0,77375,-1
0,77490,-1
0,77548,-1
0,77606,-1
0,77721,-1
1,77721,-1
0,77837,-1
0,77952,-1
1,77952,-1
0,78067,-1
0,78125,-1
1,78183,-1
1,78240,-1
0,78298,-1
1,78414,-1
1,78471,-1
0,78529,-1
0,78587,-1
1,78644,-1
0,78702,-1
1,78760,-1
1,78817,-1
0,78875,-1
0,78990,-1
1,78990,-1
1,79221,-1
0,79452,-1
1,79452,-1
2,79567,82221
0,82452,-1
0,82510,-1
0,82567,-1
0,82683,-1
1,82798,-1
1,82914,-1
0,83029,-1
0,83144,-1
1,83144,-1
0,83375,-1
1,83490,-1
0,83606,-1
0,83721,-1
1,83952,-1
0,84067,-1
1,84067,-1
0,84298,-1
0,84414,-1
1,84529,-1
0,84644,-1
0,84760,-1
1,84990,-1
1,85048,-1
0,85106,-1
0,85221,-1
1,85337,-1
1,85394,-1
0,85452,-1
0,85567,-1
1,85683,-1
1,85740,-1
0,85798,-1
0,85914,-1
1,85914,-1
0,86144,-1
1,86375,-1
1,86433,-1
0,86490,-1
1,86606,-1
1,86644,-1
1,86683,-1
1,86721,-1
1,86760,-1
1,86798,-1
0,86837,-1
0,86952,-1
1,87067,-1
0,87183,-1
1,87298,-1
1,87356,-1
1,87414,-1
1,87529,-1
0,87644,-1
1,87760,-1
0,87817,-1
0,87875,-1
1,87990,-1
1,88106,-1
0,88221,-1
1,88337,-1
1,88394,-1
0,88452,-1
1,88567,-1
0,88683,-1
0,88740,-1
0,88798,-1
1,88914,-1
0,89029,-1
1,89144,-1
0,89202,-1
0,89260,-1
1,89375,-1
0,89490,-1
0,89606,-1
0,89664,-1
0,89721,-1
1,89837,-1
1,89952,-1
0,90067,-1
0,90125,-1
1,90183,-1
0,90240,-1
1,90298,-1
0,90356,-1
1,90414,-1
0,90529,-1
0,90587,-1
0,90644,-1
1,90760,-1
1,90875,-1
0,90990,-1
0,91048,-1
1,91106,-1
1,91221,-1
0,91337,-1
1,91452,-1
1,91510,-1
0,91567,-1
1,91683,-1
0,91798,-1
0,91856,-1
0,91914,-1
1,92029,-1
0,92144,-1
0,92202,-1
1,92260,-1
1,92317,-1
0,92375,-1
0,92490,-1
1,92606,-1
0,92664,-1
1,92721,-1
0,92837,-1
1,92894,-1
0,92952,-1
0,93010,-1
1,93067,-1
1,93125,-1
0,93183,-1
0,93298,-1
1,93298,-1
0,93471,-1
1,93471,-1
0,93644,-1
1,93644,-1
0,93760,-1
1,93760,-1
1,93990,-1
1,94106,-1
0,94221,-1
1,94221,-1
1,94337,-1
1,94394,-1
0,94452,-1
1,94567,-1
0,94683,-1
1,94798,-1
1,94856,-1
0,94914,-1
1,95029,-1
0,95144,-1
1,95260,-1
1,95317,-1
0,95375,-1
1,95490,-1
1,95606,-1
1,95635,-1
1,95721,-1
1,95750,-1
0,95837,-1
0,95865,-1
0,95952,-1
0,95981,-1
0,96067,-1
0,96125,-1
1,96183,-1
0,96298,-1
1,96414,-1
0,96529,-1
0,96587,-1
1,96644,-1
0,96760,-1
1,96817,-1
1,96875,-1
0,96933,-1
1,96990,-1
0,97106,-1
1,97164,-1
0,97221,-1
1,97337,-1
0,97452,-1
0,97510,-1
1,97567,-1
1,97683,-1
0,97798,-1
0,97914,-1
1,97914,-1
0,98029,-1
0,98087,-1
1,98144,-1
1,98202,-1
0,98260,-1
1,98375,-1
0,98490,-1
0,98606,-1
0,98664,-1
0,98721,-1
0,98779,-1
1,98837,-1
0,98952,-1
1,99067,-1
0,99183,-1
0,99240,-1
1,99298,-1
0,99414,-1
1,99529,-1
1,99587,-1
0,99644,-1
0,99760,-1
0,99817,-1
0,99875,-1
0,99990,-1
1,100106,-1
1,100221,-1
1,100279,-1
0,100337,-1
1,100394,-1
0,100452,-1
0,100567,-1
0,100683,-1
1,100683,-1
0,101144,-1
0,101260,-1
1,101375,-1
1,101490,-1
0,101606,-1
1,101606,-1
0,101952,-1
0,102010,-1
1,102067,-1
1,102414,-1
1,102471,-1
0,102529,-1
1,102760,-1
0,102990,-1
0,103106,-1
1,103221,-1
0,103337,-1
1,103452,-1
1,103798,-1
1,103856,-1
0,103914,-1
0,104260,-1
0,104317,-1
1,104375,-1
0,104606,-1
1,104837,-1
0,104952,-1
1,105067,-1
1,105183,-1
0,105298,-1
0,105356,-1
0,105414,-1
0,105529,-1
1,105644,-1
1,105702,-1
0,105760,-1
0,105875,-1
0,105990,-1
0,106048,-1
1,106106,-1
1,106144,-1
1,106183,-1
0,106221,-1
0,106337,-1
1,106452,-1
1,106510,-1
0,106567,-1
1,106625,-1
0,106683,-1
0,106798,-1
1,106914,-1
1,106971,-1
0,107029,-1
0,107087,-1
0,107144,-1
0,107260,-1
0,107317,-1
1,107375,-1
1,107490,-1
1,107548,-1
0,107606,-1
0,107664,-1
1,107721,-1
1,107837,-1
0,107952,-1
0,108010,-1
0,108067,-1
0,108125,-1
1,108183,-1
1,108298,-1
0,108356,-1
1,108414,-1
1,108471,-1
0,108529,-1
0,108644,-1
1,108760,-1
1,108875,-1
0,108990,-1
1,108990,-1
0,109337,-1
0,109394,-1
1,109452,-1
1,109798,-1
1,109856,-1
0,109914,-1
1,110144,-1
0,110375,-1
0,110490,-1
1,110606,-1
1,110721,-1
0,110837,-1
1,111183,-1
1,111240,-1
0,111298,-1
0,111644,-1
0,111702,-1
1,111760,-1
0,111990,-1
1,112221,-1
0,112337,-1
1,112452,-1
1,112567,-1
1,112683,-1
1,112721,-1
1,112760,-1
0,112798,-1
0,112856,-1
1,112914,-1
1,112952,-1
1,112990,-1
0,113029,-1
0,113087,-1
1,113144,-1
1,113202,-1
0,113260,-1
1,113375,-1
1,113414,-1
1,113452,-1
0,113490,-1
1,113606,-1
0,113664,-1
0,113721,-1
1,113779,-1
0,113837,-1
0,113894,-1
1,113952,-1
0,114010,-1
1,114067,-1
0,114125,-1
1,114183,-1
1,114240,-1
0,114298,-1
0,114356,-1
1,114414,-1
0,114529,-1
0,114567,-1
0,114606,-1
1,114644,-1
1,114702,-1
0,114760,-1
0,114817,-1
1,114875,-1
0,114990,-1
1,115106,-1
0,115337,-1
1,115452,-1
1,115490,-1
1,115529,-1
0,115567,-1
0,115625,-1
1,115683,-1
1,115721,-1
1,115760,-1
0,115798,-1
0,115856,-1
1,115914,-1
1,115971,-1
1,116029,-1
0,116087,-1
1,116144,-1
1,116202,-1
0,116260,-1
0,116375,-1
1,116375,-1
1,119606,-1
1,119721,-1
1,119837,-1
1,119952,-1
0,120067,-1
1,120067,-1
0,120298,-1
0,120414,-1
1,120529,-1
0,120644,-1
0,120760,-1
1,120875,-1
0,121106,-1
0,121221,-1
0,121337,-1
1,121452,-1
0,121567,-1
0,121683,-1
0,121914,-1
1,121914,-1
0,122144,-1
0,122260,-1
1,122375,-1
0,122606,-1
1,122721,-1
0,122952,-1
0,123067,-1
0,123183,-1
1,123298,-1
1,123414,-1
0,123529,-1
0,123760,-1
1,123760,-1
0,123990,-1
0,124106,-1
1,124221,-1
0,124337,-1
0,124452,-1
1,124567,-1
0,124683,-1
0,124798,-1
1,124914,-1
0,125029,-1
1,125144,-1
1,125260,-1
0,125375,-1
0,125490,-1
0,125606,-1
1,125606,-1
1,125837,-1
0,125952,-1
1,126067,-1
1,126183,-1
0,126298,-1
0,126414,-1
1,126529,-1
0,126644,-1
1,126760,-1
1,126875,-1
1,126990,-1
0,127106,-1
1,127221,-1
0,127452,-1
1,127452,-1
0,127567,-1
1,127567,-1
0,127798,-1
1,127798,-1
0,127914,-1
1,127914,-1
0,128144,-1
1,128144,-1
0,128260,-1
1,128260,-1
0,128490,-1
1,128490,-1
0,128606,-1
1,128606,-1
0,128837,-1
1,128837,-1
0,128952,-1
1,128952,-1
0,129067,-1
1,129067,-1
0,129298,-1
1,129298,-1
0,129414,-1
1,129414,-1
0,129644,-1
1,129644,-1
0,129760,-1
1,129760,-1
0,129990,-1
1,129990,-1
0,130106,-1
1,130106,-1
0,130337,-1
1,130337,-1
0,130452,-1
1,130452,-1
0,130683,-1
1,130683,-1
1,130798,-1
0,130914,-1
0,131029,-1
1,131144,-1
0,131221,-1
0,131298,-1
1,131375,-1
0,131452,-1
0,131529,-1
1,131606,-1
0,131683,-1
0,131760,-1
1,131837,-1
0,131914,-1
0,131990,-1
1,132067,-1
1,132106,-1
0,132144,-1
1,132221,-1
1,132260,-1
0,132298,-1
1,132375,-1
0,132452,-1
0,132529,-1
1,132606,-1
0,132683,-1
0,132760,-1
1,132837,-1
0,132914,-1
0,132990,-1
1,132990,-1
2,133067,133683
1,133914,-1
1,133971,-1
1,134029,-1
1,134144,-1
1,134202,-1
0,134260,-1
0,134375,-1
0,134433,-1
0,134490,-1
0,134548,-1
1,134606,-1
1,134837,-1
1,134914,-1
0,134990,-1
1,135067,-1
1,135144,-1
0,135221,-1
1,135298,-1
0,135375,-1
0,135452,-1
1,135529,-1
0,135606,-1
0,135683,-1
1,135760,-1
1,135837,-1
0,135914,-1
1,135990,-1
1,136067,-1
0,136144,-1
1,136221,-1
0,136298,-1
0,136375,-1
1,136452,-1
1,136683,-1
1,136760,-1
0,136837,-1
1,136914,-1
1,136990,-1
0,137067,-1
1,137144,-1
1,137221,-1
0,137298,-1
1,137375,-1
0,137452,-1
0,137529,-1
1,137606,-1
1,137683,-1
0,137760,-1
1,137837,-1
1,137914,-1
0,137990,-1
1,138067,-1
1,138106,-1
0,138144,-1
0,138221,-1
1,138298,-1
1,138529,-1
1,138606,-1
0,138683,-1
1,138760,-1
1,138837,-1
0,138914,-1
1,138990,-1
1,139067,-1
0,139144,-1
0,139221,-1
1,139298,-1
0,139375,-1
1,139452,-1
1,139529,-1
1,139606,-1
0,139683,-1
0,139760,-1
0,139837,-1
1,139914,-1
1,139952,-1
0,139990,-1
0,140067,-1
1,140144,-1
1,140375,-1
1,140414,-1
1,140452,-1
0,140529,-1
1,140606,-1
1,140644,-1
1,140683,-1
0,140760,-1
1,140837,-1
1,140875,-1
0,140914,-1
0,140990,-1
1,141067,-1
1,141106,-1
0,141144,-1
0,141221,-1
0,141298,-1
1,141298,-1
0,141452,-1
1,141452,-1
0,141606,-1
1,141606,-1
0,141760,-1
1,141760,-1
0,142221,-1
0,142279,-1
1,142337,-1
0,142394,-1
1,142452,-1
0,142567,-1
1,142683,-1
1,142740,-1
0,142798,-1
1,142914,-1
1,142971,-1
1,143029,-1
1,143087,-1
0,143144,-1
0,143260,-1
1,143375,-1
1,143433,-1
0,143490,-1
1,143606,-1
0,143664,-1
1,143721,-1
1,143779,-1
0,143837,-1
0,143952,-1
1,144067,-1
0,144125,-1
1,144183,-1
1,144298,-1
1,144356,-1
1,144414,-1
1,144471,-1
0,144529,-1
1,144644,-1
1,144702,-1
1,144760,-1
0,144817,-1
1,144875,-1
1,144933,-1
0,144990,-1
0,145106,-1
1,145221,-1
0,145279,-1
0,145337,-1
0,145452,-1
1,145567,-1
0,145625,-1
1,145683,-1
1,145721,-1
1,145760,-1
0,145798,-1
0,145856,-1
1,145914,-1
0,146029,-1
0,146087,-1
1,146144,-1
0,146260,-1
0,146375,-1
0,146433,-1
1,146490,-1
0,146548,-1
1,146606,-1
0,146721,-1
1,146837,-1
1,146894,-1
0,146952,-1
1,147067,-1
0,147183,-1
0,147240,-1
1,147298,-1
0,147356,-1
0,147414,-1
0,147471,-1
1,147529,-1
0,147644,-1
0,147760,-1
0,147817,-1
1,147875,-1
1,147914,-1
1,147952,-1
0,147990,-1
0,148048,-1
1,148106,-1
1,148221,-1
1,148260,-1
1,148298,-1
0,148337,-1
0,148394,-1
1,148452,-1
1,148510,-1
0,148567,-1
0,148683,-1
0,148740,-1
0,148798,-1
0,148856,-1
0,148914,-1
0,149029,-1
1,149144,-1
1,149260,-1
0,149375,-1
0,149490,-1
0,149606,-1
1,149606,-1
0,149721,-1
1,149837,-1
1,149894,-1
0,149952,-1
0,150010,-1
1,150067,-1
0,150183,-1
1,150298,-1
0,150356,-1
0,150414,-1
0,150471,-1
1,150529,-1
0,150644,-1
1,150760,-1
0,150875,-1
1,150990,-1
1,151048,-1
0,151106,-1
0,151164,-1
1,151221,-1
1,151279,-1
1,151337,-1
0,151394,-1
1,151452,-1
0,151567,-1
1,151683,-1
1,151740,-1
1,151798,-1
1,151856,-1
0,151914,-1
0,152029,-1
1,152144,-1
1,152202,-1
0,152260,-1
0,152317,-1
1,152375,-1
0,152490,-1
1,152606,-1
1,152664,-1
0,152721,-1
1,152837,-1
1,152894,-1
1,152952,-1
0,153010,-1
1,153067,-1
1,153125,-1
0,153183,-1
0,153240,-1
1,153298,-1
1,153414,-1
0,153529,-1
0,153587,-1
0,153644,-1
0,153702,-1
1,153760,-1
1,153875,-1
0,153990,-1
1,154106,-1
1,154164,-1
0,154221,-1
0,154279,-1
0,154337,-1
1,154452,-1
0,154567,-1
1,154683,-1
1,154740,-1
0,154798,-1
0,154914,-1
1,155029,-1
0,155144,-1
1,155144,-1
0,155260,-1
1,155260,-1
0,155490,-1
1,155490,-1
0,155606,-1
1,155606,-1
0,155837,-1
1,155837,-1
0,155952,-1
1,155952,-1
0,156183,-1
1,156183,-1
0,156298,-1
1,156298,-1
0,156529,-1
0,156644,-1
1,156760,-1
1,156875,-1
0,156990,-1
1,156990,-1
0,157106,-1
1,157221,-1
1,157279,-1
0,157337,-1
0,157394,-1
1,157452,-1
0,157567,-1
1,157683,-1
0,157740,-1
0,157798,-1
0,157856,-1
1,157914,-1
0,158029,-1
1,158144,-1
0,158260,-1
1,158375,-1
1,158433,-1
0,158490,-1
0,158548,-1
1,158606,-1
1,158664,-1
1,158721,-1
0,158779,-1
1,158837,-1
0,158952,-1
1,159067,-1
1,159125,-1
0,159183,-1
0,159240,-1
0,159298,-1
0,159414,-1
1,159529,-1
0,159587,-1
0,159644,-1
0,159702,-1
0,159760,-1
0,159875,-1
1,159990,-1
0,160106,-1
1,160221,-1
1,160279,-1
0,160337,-1
0,160394,-1
1,160452,-1
0,160510,-1
1,160567,-1
0,160625,-1
1,160683,-1
0,160798,-1
0,160914,-1
0,160971,-1
1,161029,-1
1,161087,-1
1,161144,-1
0,161260,-1
1,161375,-1
1,161433,-1
1,161490,-1
1,161548,-1
0,161606,-1
1,161721,-1
0,161779,-1
0,161837,-1
1,161894,-1
0,162010,-1
1,162067,-1
0,162125,-1
1,162183,-1
1,162240,-1
0,162298,-1
0,162414,-1
1,162529,-1
1,162567,-1
1,162606,-1
0,162644,-1
0,162702,-1
1,162760,-1
0,162875,-1
1,162990,-1
1,163048,-1
0,163106,-1
1,163221,-1
0,163337,-1
0,163394,-1
1,163452,-1
1,163490,-1
1,163529,-1
0,163567,-1
1,163683,-1
0,163798,-1
0,163914,-1
1,164029,-1
1,164144,-1
1,164260,-1
0,164375,-1
1,164375,-1
1,164606,-1
0,164837,-1
1,164952,-1
1,165183,-1
0,165298,-1
0,165529,-1
1,165644,-1
0,165875,-1
1,165990,-1
1,166106,-1
0,166221,-1
1,166452,-1
0,166683,-1
1,166798,-1
1,167029,-1
0,167144,-1
0,167375,-1
0,167490,-1
1,167606,-1
1,167721,-1
1,167837,-1
1,167952,-1
0,168067,-1
1,168298,-1
0,168529,-1
1,168644,-1
1,168875,-1
0,168990,-1
0,169221,-1
1,169337,-1
0,169567,-1
0,169683,-1
0,169798,-1
1,169914,-1
0,170144,-1
1,170375,-1
0,170490,-1
0,170721,-1
1,170837,-1
0,171067,-1
0,171183,-1
0,171414,-1
1,171529,-1
0,171644,-1
0,171760,-1
1,171990,-1
0,172221,-1
0,172337,-1
1,172452,-1
0,172683,-1
1,172914,-1
0,173029,-1
0,173260,-1
1,173375,-1
0,173606,-1
1,173837,-1
0,174067,-1
0,174183,-1
1,174298,-1
0,174529,-1
1,174760,-1
0,174875,-1
0,174990,-1
0,175106,-1
1,175221,-1
1,175337,-1
0,175452,-1
1,175683,-1
0,175914,-1
0,176029,-1
1,176144,-1
0,176375,-1
0,176490,-1
0,176548,-1
1,176606,-1
0,176721,-1
1,176837,-1
1,176952,-1
0,177067,-1
0,177183,-1
1,177298,-1
0,177414,-1
0,177529,-1
0,177644,-1
1,177760,-1
1,177875,-1
0,177990,-1
0,178106,-1
1,178221,-1
1,178279,-1
0,178337,-1
1,178452,-1
0,178567,-1
0,178625,-1
1,178683,-1
0,178798,-1
1,178914,-1
1,179144,-1
0,179260,-1
0,179490,-1
0,179721,-1
1,179837,-1
0,179952,-1
1,180067,-1
1,180183,-1
0,180298,-1
0,180414,-1
1,180644,-1
0,180760,-1
0,180875,-1
1,180990,-1
1,181106,-1
0,181337,-1
1,181567,-1
0,181683,-1
1,181798,-1
0,181914,-1
0,182029,-1
1,182144,-1
1,182260,-1
1,182490,-1
0,182606,-1
1,182837,-1
1,182952,-1
0,183183,-1
1,183414,-1
0,183529,-1
0,183644,-1
1,183760,-1
0,183875,-1
0,183990,-1
0,184106,-1
1,184337,-1
0,184452,-1
0,184567,-1
1,184683,-1
1,184798,-1
0,185029,-1
1,185260,-1
0,185375,-1
1,185490,-1
1,185606,-1
0,185721,-1
1,185837,-1
0,185952,-1
1,186067,-1
0,186183,-1
1,186298,-1
1,186414,-1
0,186529,-1
0,186644,-1
1,186875,-1
0,187106,-1
1,187221,-1
0,187337,-1
1,187452,-1
0,187567,-1
0,187683,-1
1,187798,-1
0,187914,-1
0,188029,-1
1,188144,-1
1,188260,-1
1,188375,-1
0,188490,-1
0,188606,-1
1,188721,-1
0,188837,-1
0,188952,-1
1,189067,-1
0,189183,-1
1,189298,-1
0,189990,-1
0,190106,-1
1,190221,-1
1,190567,-1
1,190625,-1
0,190683,-1
0,191375,-1
0,191606,-1
1,191837,-1
1,192067,-1
1,192760,-1
1,192990,-1
1,193452,-1
1,193529,-1
1,193606,-1
0,193683,-1
0,193760,-1
0,193837,-1
0,193914,-1
1,193914,-1
0,194029,-1
1,194260,-1
0,194490,-1
1,194606,-1
0,194721,-1
1,194837,-1
0,194952,-1
0,195067,-1
1,195183,-1
0,195414,-1
1,195529,-1
1,195760,-1
0,195875,-1
1,196106,-1
0,196337,-1
1,196452,-1
0,196567,-1
1,196683,-1
1,196798,-1
0,196914,-1
0,197029,-1
1,197260,-1
1,197375,-1
1,197606,-1
0,197721,-1
1,197952,-1
0,198183,-1
1,198298,-1
1,198414,-1
1,198529,-1
0,198644,-1
0,198760,-1
1,198875,-1
0,199106,-1
1,199221,-1
0,199452,-1
1,199452,-1
0,199567,-1
1,199683,-1
1,199798,-1
0,199914,-1
1,199914,-1
1,200029,-1
1,200144,-1
0,200260,-1
0,200375,-1
1,200375,-1
0,200490,-1
1,200606,-1
1,200721,-1
0,200952,-1
1,201067,-1
0,201183,-1
1,201298,-1
1,201414,-1
0,201644,-1
1,201875,-1
0,201990,-1
0,202106,-1
1,202221,-1
0,202337,-1
1,202452,-1
1,202567,-1
0,202798,-1
1,202914,-1
1,203144,-1
1,203260,-1
0,203490,-1
1,203721,-1
0,203837,-1
0,203952,-1
1,204067,-1
1,204183,-1
1,204298,-1
0,204414,-1
0,204644,-1
1,204760,-1
0,204990,-1
0,205106,-1
0,205221,-1
1,205337,-1
0,205567,-1
0,205683,-1
1,205798,-1
1,205914,-1
0,206029,-1
1,206260,-1
0,206490,-1
0,206606,-1
1,206721,-1
1,206837,-1
1,206952,-1
0,207067,-1
1,207183,-1
0,207414,-1
1,207529,-1
1,207644,-1
0,207760,-1
1,207933,-1
1,208106,-1
0,208221,-1
0,208337,-1
1,208452,-1
1,208567,-1
0,208683,-1
1,208683,-1
1,208798,-1
0,209029,-1
1,209260,-1
1,209317,-1
0,209375,-1
1,209490,-1
0,209606,-1
1,209721,-1
1,209837,-1
0,209952,-1
1,210067,-1
0,210144,-1
0,210221,-1
1,210298,-1
0,210375,-1
0,210452,-1
1,210529,-1
1,210644,-1
0,210875,-1
0,211106,-1
0,211164,-1
1,211221,-1
0,211337,-1
1,211452,-1
0,211625,-1
0,211798,-1
1,211914,-1
1,212087,-1
1,212260,-1
0,212375,-1
1,212490,-1
0,212721,-1
0,212952,-1
0,213010,-1
1,213067,-1
0,213183,-1
1,213298,-1
1,213414,-1
0,213529,-1
0,213644,-1
1,213760,-1
0,213837,-1
0,213914,-1
1,213990,-1
0,214067,-1
0,214144,-1
1,214221,-1
1,214279,-1
0,214337,-1
1,214452,-1
0,214567,-1
1,214683,-1
1,214740,-1
0,214798,-1
0,214856,-1
1,214914,-1
0,215029,-1
1,215144,-1
1,215260,-1
1,215490,-1
1,215606,-1
0,215721,-1
1,215837,-1
0,215952,-1
0,216067,-1
1,216067,-1
0,216183,-1
1,216298,-1
0,216414,-1
1,216529,-1
1,216587,-1
0,216644,-1
1,216760,-1
0,216875,-1
1,216990,-1
0,217048,-1
0,217106,-1
0,217164,-1
1,217221,-1
0,217337,-1
1,217452,-1
1,217510,-1
0,217567,-1
1,217683,-1
0,217798,-1
1,217914,-1
0,217971,-1
1,218029,-1
1,218087,-1
0,218144,-1
1,218260,-1
0,218375,-1
0,218433,-1
1,218490,-1
0,218606,-1
1,218721,-1
0,218837,-1
1,218952,-1
0,219010,-1
0,219125,-1
1,219183,-1
1,219298,-1
1,219356,-1
0,219414,-1
0,219471,-1
1,219529,-1
0,219644,-1
1,219760,-1
1,219817,-1
0,219875,-1
0,219933,-1
1,219990,-1
0,220048,-1
1,220106,-1
0,220164,-1
1,220221,-1
1,220279,-1
0,220337,-1
0,220394,-1
1,220452,-1
0,220510,-1
1,220567,-1
1,220625,-1
0,220683,-1
1,220740,-1
0,220798,-1
0,220856,-1
1,220914,-1
0,220971,-1
1,221029,-1
0,221087,-1
1,221144,-1
1,221202,-1
0,221260,-1
0,221317,-1
1,221375,-1
1,221433,-1
0,221490,-1
0,221548,-1
1,221606,-1
1,221644,-1
1,221683,-1
0,221721,-1
0,221779,-1
1,221837,-1
1,221894,-1
0,221952,-1
0,222010,-1
1,222067,-1
1,222106,-1
1,222144,-1
0,222183,-1
0,222240,-1
1,222298,-1
1,222356,-1
0,222414,-1
0,222471,-1
1,222529,-1
0,222587,-1
0,222644,-1
1,222702,-1
0,222760,-1
0,222817,-1
1,222875,-1
0,222933,-1
1,222990,-1
1,223048,-1
0,223106,-1
0,223164,-1
1,223221,-1
1,223279,-1
1,223337,-1
1,223394,-1
0,223452,-1
2,223567,224144
1,224375,-1
1,224433,-1
0,224490,-1
0,224606,-1
0,224664,-1
0,224721,-1
1,224837,-1
0,224894,-1
0,224952,-1
0,225010,-1
1,225067,-1
0,225298,-1
1,225298,-1
1,225414,-1
1,225471,-1
0,225529,-1
1,225644,-1
0,225702,-1
0,225760,-1
1,225875,-1
0,225990,-1
1,226048,-1
0,226106,-1
0,226164,-1
1,226221,-1
0,226337,-1
1,226452,-1
1,226510,-1
0,226567,-1
0,226625,-1
1,226683,-1
0,226740,-1
1,226798,-1
1,226856,-1
0,226914,-1
0,227029,-1
1,227144,-1
1,227202,-1
0,227260,-1
1,227375,-1
0,227490,-1
0,227548,-1
1,227606,-1
1,227664,-1
0,227721,-1
0,227837,-1
1,227952,-1
1,228067,-1
0,228125,-1
0,228183,-1
1,228240,-1
0,228298,-1
0,228356,-1
1,228414,-1
1,228471,-1
0,228529,-1
0,228587,-1
1,228644,-1
0,228702,-1
1,228760,-1
1,228817,-1
0,228875,-1
1,228990,-1
0,229048,-1
1,229106,-1
1,229221,-1
1,229337,-1
1,229394,-1
0,229452,-1
1,229567,-1
0,229683,-1
1,229740,-1
1,229798,-1
0,229856,-1
1,229914,-1
0,230029,-1
1,230144,-1
0,230202,-1
1,230260,-1
1,230317,-1
0,230375,-1
1,230433,-1
0,230490,-1
0,230548,-1
1,230606,-1
1,230664,-1
1,230721,-1
0,230779,-1
1,230837,-1
1,230894,-1
0,230952,-1
1,231067,-1
1,231183,-1
1,231240,-1
0,231298,-1
0,231414,-1
0,231471,-1
1,231529,-1
1,231587,-1
1,231644,-1
1,231760,-1
0,231817,-1
1,231875,-1
1,231933,-1
0,231990,-1
0,232048,-1
1,232106,-1
0,232164,-1
1,232221,-1
1,232279,-1
0,232337,-1
0,232394,-1
1,232452,-1
1,232490,-1
1,232529,-1
0,232567,-1
0,232625,-1
1,232683,-1
0,232798,-1
1,232914,-1
1,232971,-1
0,233029,-1
1,233144,-1
1,233202,-1
0,233260,-1
1,233375,-1
1,233433,-1
0,233490,-1
0,233548,-1
1,233606,-1
0,233721,-1
1,233837,-1
1,233894,-1
0,233952,-1
0,234010,-1
1,234067,-1
1,234125,-1
0,234183,-1
1,234240,-1
0,234298,-1
0,234356,-1
1,234414,-1
1,234452,-1
1,234490,-1
0,234529,-1
0,234644,-1
1,234760,-1
1,234817,-1
0,234875,-1
1,234990,-1
1,235048,-1
0,235106,-1
1,235221,-1
1,235279,-1
0,235337,-1
0,235394,-1
1,235452,-1
0,235567,-1
1,235625,-1
1,235740,-1
0,235798,-1
0,235856,-1
1,235914,-1
0,236029,-1
0,236087,-1
1,236144,-1
1,236202,-1
1,236260,-1
1,236317,-1
0,236375,-1
0,236490,-1
0,236548,-1
1,236606,-1
1,236721,-1
0,236837,-1
1,236894,-1
0,236952,-1
0,237010,-1
1,237067,-1
1,237125,-1
0,237183,-1
0,237298,-1
1,237414,-1
0,237471,-1
1,237529,-1
1,237587,-1
0,237644,-1
0,237702,-1
1,237760,-1
0,237817,-1
1,237875,-1
1,237914,-1
1,237952,-1
0,237990,-1
0,238048,-1
1,238106,-1
1,238144,-1
1,238183,-1
0,238221,-1
0,238337,-1
0,238375,-1
0,238414,-1
1,238452,-1
1,238510,-1
0,238567,-1
0,238625,-1
1,238683,-1
1,238798,-1
0,238856,-1
1,238914,-1
1,238971,-1
0,239029,-1
0,239087,-1
1,239144,-1
1,239183,-1
1,239221,-1
0,239260,-1
0,239317,-1
1,239375,-1
1,239433,-1
0,239490,-1
0,239548,-1
1,239606,-1
1,239644,-1
1,239683,-1
0,239721,-1
0,239779,-1
1,239837,-1
1,239894,-1
0,239952,-1
0,240067,-1
1,240067,-1
2,240183,243298
0,243760,-1
1,243760,-1
0,243990,-1
0,244106,-1
1,244221,-1
0,244337,-1
1,244567,-1
0,244683,-1
1,244683,-1
1,244914,-1
0,245029,-1
1,245144,-1
1,245260,-1
0,245375,-1
0,245606,-1
1,245606,-1
0,245721,-1
0,245837,-1
0,245952,-1
1,246067,-1
0,246183,-1
0,246298,-1
0,246414,-1
0,246529,-1
0,246587,-1
1,246644,-1
1,246702,-1
1,246760,-1
1,246817,-1
0,246875,-1
0,246933,-1
1,246990,-1
1,247048,-1
1,247106,-1
1,247164,-1
0,247221,-1
0,247279,-1
0,247337,-1
0,247394,-1
1,247452,-1
2,247567,248375
0,249067,-1
1,249067,-1
1,249298,-1
1,249356,-1
0,249414,-1
0,249471,-1
1,249529,-1
0,249587,-1
1,249644,-1
0,249702,-1
1,249760,-1
1,249817,-1
0,249875,-1
1,249933,-1
0,249990,-1
0,250048,-1
1,250106,-1
0,250164,-1
1,250221,-1
1,250279,-1
1,250337,-1
0,250394,-1
1,250452,-1
1,250510,-1
0,250567,-1
0,250625,-1
1,250683,-1
0,250740,-1
1,250798,-1
0,250856,-1
1,250914,-1
1,250971,-1
1,251029,-1
1,251087,-1
0,251144,-1
0,251202,-1
1,251260,-1
0,251317,-1
1,251375,-1
0,251433,-1
0,251490,-1
0,251548,-1
1,251606,-1
0,251664,-1
1,251721,-1
1,251779,-1
0,251837,-1
0,251894,-1
1,251952,-1
0,252010,-1
1,252067,-1
0,252125,-1
0,252183,-1
0,252240,-1
1,252298,-1
1,252356,-1
0,252414,-1
0,252471,-1
1,252529,-1
0,252587,-1
1,252644,-1
0,252702,-1
0,252760,-1
0,252817,-1
1,252875,-1
1,252933,-1
0,252990,-1
0,253048,-1
1,253106,-1
0,253164,-1
1,253221,-1
1,253279,-1
1,253337,-1
0,253394,-1
1,253452,-1
0,253510,-1
1,253567,-1
1,253625,-1
0,253683,-1
0,253740,-1
1,253798,-1
0,253856,-1
1,253914,-1
1,253971,-1
1,254029,-1
1,254087,-1
0,254144,-1
0,254202,-1
1,254260,-1
0,254317,-1
1,254375,-1
1,254433,-1
0,254490,-1
0,254548,-1
1,254606,-1
0,254664,-1
0,254721,-1
0,254779,-1
1,254837,-1
1,254894,-1
1,254952,-1
0,255010,-1
1,255067,-1
1,255125,-1
0,255183,-1
0,255240,-1
1,255298,-1
1,255337,-1
1,255375,-1
0,255414,-1
0,255471,-1
1,255529,-1
0,255567,-1
0,255606,-1
1,255644,-1
0,255702,-1
1,255760,-1
0,255875,-1
1,255990,-1
1,256106,-1
0,256221,-1
0,256279,-1
0,256337,-1
1,256452,-1
1,256510,-1
1,256567,-1
1,256625,-1
0,256683,-1
0,256740,-1
0,256798,-1
0,256856,-1
1,256914,-1
1,256952,-1
1,256990,-1
0,257029,-1
0,257087,-1
1,257144,-1
1,257183,-1
1,257221,-1
0,257260,-1
0,257317,-1
1,257375,-1
0,257433,-1
1,257490,-1
1,257548,-1
0,257606,-1
1,257721,-1
1,257779,-1
0,257837,-1
0,257875,-1
0,257914,-1
1,257952,-1
0,258010,-1
1,258067,-1
1,258106,-1
1,258144,-1
1,258183,-1
1,258221,-1
1,258260,-1
0,258298,-1
0,258414,-1
1,258529,-1
1,258567,-1
1,258606,-1
0,258644,-1
0,258702,-1
1,258760,-1
0,258798,-1
0,258837,-1
1,258875,-1
0,258933,-1
1,258990,-1
1,259048,-1
0,259106,-1
0,259164,-1
1,259221,-1
0,259279,-1
1,259337,-1
0,259394,-1
1,259452,-1
1,259490,-1
1,259529,-1
0,259567,-1
0,259625,-1
1,259683,-1
1,259721,-1
1,259760,-1
0,259798,-1
1,259914,-1
0,259971,-1
1,260029,-1
0,260087,-1
1,260144,-1
0,260202,-1
1,260260,-1
1,260375,-1
1,260414,-1
1,260452,-1
0,260490,-1
0,260548,-1
1,260606,-1
0,260644,-1
0,260683,-1
1,260721,-1
1,260837,-1
1,260875,-1
1,260914,-1
0,260952,-1
0,261010,-1
1,261067,-1
1,261125,-1
0,261183,-1
1,261298,-1
0,261337,-1
0,261375,-1
1,261414,-1
0,261471,-1
1,261529,-1
1,261567,-1
1,261606,-1
0,261644,-1
0,261702,-1
1,261760,-1
1,261817,-1
1,261875,-1
0,261933,-1
1,261990,-1
1,262048,-1
0,262106,-1
1,262221,-1
1,262260,-1
1,262298,-1
0,262337,-1
0,262394,-1
1,262452,-1
1,262510,-1
0,262567,-1
0,262625,-1
1,262683,-1
1,262721,-1
1,262760,-1
0,262798,-1
0,262856,-1
1,262914,-1
1,262971,-1
0,263029,-1
1,263144,-1
1,263202,-1
0,263260,-1
0,263317,-1
1,263375,-1
0,263433,-1
1,263490,-1
0,263548,-1
1,263606,-1
1,263644,-1
1,263683,-1
0,263721,-1
0,263779,-1
1,263837,-1
0,263875,-1
0,263914,-1
1,263952,-1
0,264067,-1
1,264067,-1
2,264183,266837
